,bike_date,km_score,tripduration_x,bike_trip_count_x,holiday_x,weekend_x,tripduration_x,bike_trip_count_x,holiday_y,weekend_y
104,2015-04-15,2.25695218613,11.8625553039,584,0,0,11.8625553039,584,-0.298842584326,-0.630377459427
78,2015-03-20,1.93134622474,8.26193868165,193,0,1,8.26193868165,193,-0.298842584326,1.58200497029
39,2015-02-09,1.92205397926,8.96076206402,103,0,0,8.96076206402,103,-0.298842584326,-0.630377459427
149,2015-05-30,1.90670102418,17.857473787,295,0,1,17.857473787,295,-0.298842584326,1.58200497029
65,2015-03-07,1.89055018849,41.5725623583,50,0,1,41.5725623583,50,-0.298842584326,1.58200497029
13,2015-01-14,1.88713142598,9.10062306494,357,0,0,9.10062306494,357,-0.298842584326,-0.630377459427
105,2015-04-16,1.8625718113,11.8475145218,617,0,0,11.8475145218,617,-0.298842584326,-0.630377459427
75,2015-03-17,1.83894470738,14.3907575601,347,0,0,14.3907575601,347,-0.298842584326,-0.630377459427
110,2015-04-21,1.8186249539,13.0473717836,496,0,0,13.0473717836,496,-0.298842584326,-0.630377459427
84,2015-03-26,1.79634372674,9.62154510834,414,0,0,9.62154510834,414,-0.298842584326,-0.630377459427
214,2015-08-03,1.76796434451,13.1833410203,673,0,0,13.1833410203,673,-0.298842584326,-0.630377459427
247,2015-09-05,1.72050782964,19.940818478,336,0,1,19.940818478,336,-0.298842584326,1.58200497029
157,2015-06-07,1.67124524262,24.8628224523,357,0,0,24.8628224523,357,-0.298842584326,-0.630377459427
94,2015-04-05,1.6612366174,18.4667882214,186,0,0,18.4667882214,186,-0.298842584326,-0.630377459427
180,2015-06-30,1.56878634476,12.1087266324,755,0,0,12.1087266324,755,-0.298842584326,-0.630377459427
150,2015-05-31,1.56145807228,19.8908482143,160,0,0,19.8908482143,160,-0.298842584326,-0.630377459427
100,2015-04-11,1.46814680017,22.5407929476,164,0,1,22.5407929476,164,-0.298842584326,1.58200497029
143,2015-05-24,1.45413933339,33.1260450901,281,1,0,33.1260450901,281,3.33707552497,-0.630377459427
228,2015-08-17,1.43289605595,13.4111414029,655,0,0,13.4111414029,655,-0.298842584326,-0.630377459427
168,2015-06-18,1.43147581348,12.8163953846,743,0,0,12.8163953846,743,-0.298842584326,-0.630377459427
116,2015-04-27,1.43056112194,11.5004445189,566,0,0,11.5004445189,566,-0.298842584326,-0.630377459427
198,2015-07-18,1.42794850802,17.1026362907,271,0,1,17.1026362907,271,-0.298842584326,1.58200497029
118,2015-04-29,1.41368807892,11.8028064449,629,0,0,11.8028064449,629,-0.298842584326,-0.630377459427
266,2015-09-24,1.41113535934,14.6903347295,695,0,0,14.6903347295,695,-0.298842584326,-0.630377459427
323,2015-11-20,1.41112022016,15.6687640408,962,0,1,15.6687640408,962,-0.298842584326,1.58200497029
36,2015-02-06,1.37019834676,10.6336720971,258,0,1,10.6336720971,258,-0.298842584326,1.58200497029
2,2015-01-03,1.36561384818,11.4523809524,26,0,1,11.4523809524,26,-0.298842584326,1.58200497029
37,2015-02-07,1.36393543515,9.41836734694,63,0,1,9.41836734694,63,-0.298842584326,1.58200497029
250,2015-09-08,1.36382805823,11.703350877,780,1,0,11.703350877,780,3.33707552497,-0.630377459427
283,2015-10-11,1.35110708452,26.345754264,434,1,0,26.345754264,434,3.33707552497,-0.630377459427
275,2015-10-03,1.34349048492,11.784653092,137,0,1,11.784653092,137,-0.298842584326,1.58200497029
291,2015-10-19,1.34116454683,18.0765144874,1040,0,0,18.0765144874,1040,-0.298842584326,-0.630377459427
297,2015-10-25,1.32895989849,15.648738411,316,0,0,15.648738411,316,-0.298842584326,-0.630377459427
223,2015-08-12,1.30504765918,13.8566555252,757,0,0,13.8566555252,757,-0.298842584326,-0.630377459427
86,2015-03-28,1.27958641777,13.0,3,0,1,13.0,3,-0.298842584326,1.58200497029
147,2015-05-28,1.2759142081,12.1456354219,850,0,0,12.1456354219,850,-0.298842584326,-0.630377459427
310,2015-11-07,1.26370930655,23.4917777461,377,0,1,23.4917777461,377,-0.298842584326,1.58200497029
53,2015-02-23,1.26240552257,8.74122493415,225,0,0,8.74122493415,225,-0.298842584326,-0.630377459427
352,2015-12-19,1.25664242422,21.0271508202,210,0,1,21.0271508202,210,-0.298842584326,1.58200497029
308,2015-11-05,1.24993540396,13.0888148892,939,0,0,13.0888148892,939,-0.298842584326,-0.630377459427
325,2015-11-22,1.24773343796,17.3819559878,287,0,0,17.3819559878,287,-0.298842584326,-0.630377459427
305,2015-11-02,1.2463475859,12.9638747856,1025,0,0,12.9638747856,1025,-0.298842584326,-0.630377459427
128,2015-05-09,1.23857516701,46.654257426,263,0,1,46.654257426,263,-0.298842584326,1.58200497029
342,2015-12-09,1.22863446886,12.6183279053,897,0,0,12.6183279053,897,-0.298842584326,-0.630377459427
8,2015-01-09,1.21690436311,9.08739934008,169,0,1,9.08739934008,169,-0.298842584326,1.58200497029
102,2015-04-13,1.21437834667,12.8389552923,601,0,0,12.8389552923,601,-0.298842584326,-0.630377459427
10,2015-01-11,1.17793088596,9.39965986395,61,0,0,9.39965986395,61,-0.298842584326,-0.630377459427
307,2015-11-04,1.16080367078,14.5071345242,1115,0,0,14.5071345242,1115,-0.298842584326,-0.630377459427
216,2015-08-05,1.14803031697,14.2719330161,747,0,0,14.2719330161,747,-0.298842584326,-0.630377459427
23,2015-01-24,1.11924334321,10.5828231293,52,0,1,10.5828231293,52,-0.298842584326,1.58200497029
178,2015-06-28,1.11245784099,16.171985045,180,0,0,16.171985045,180,-0.298842584326,-0.630377459427
133,2015-05-14,1.10477593582,12.9608623896,848,0,0,12.9608623896,848,-0.298842584326,-0.630377459427
134,2015-05-15,1.10476403855,12.7747620197,753,0,1,12.7747620197,753,-0.298842584326,1.58200497029
109,2015-04-20,1.10127949885,9.47404826665,195,0,0,9.47404826665,195,-0.298842584326,-0.630377459427
159,2015-06-09,1.06411631855,13.6101354935,798,0,0,13.6101354935,798,-0.298842584326,-0.630377459427
181,2015-07-01,1.05155426913,13.4724425909,717,0,0,13.4724425909,717,-0.298842584326,-0.630377459427
248,2015-09-06,1.04280898656,20.1965311005,330,1,0,20.1965311005,330,3.33707552497,-0.630377459427
114,2015-04-25,1.04020582119,22.7860810563,173,0,1,22.7860810563,173,-0.298842584326,1.58200497029
316,2015-11-13,1.03887229761,13.8235400475,906,0,1,13.8235400475,906,-0.298842584326,1.58200497029
161,2015-06-11,1.02408690279,12.2719728,838,0,0,12.2719728,838,-0.298842584326,-0.630377459427
145,2015-05-26,1.02322133908,12.5882709766,808,1,0,12.5882709766,808,3.33707552497,-0.630377459427
202,2015-07-22,1.00750943953,13.2170864252,692,0,0,13.2170864252,692,-0.298842584326,-0.630377459427
123,2015-05-04,0.995231626439,14.4530670207,677,0,0,14.4530670207,677,-0.298842584326,-0.630377459427
99,2015-04-10,0.994876586991,10.933468375,364,0,1,10.933468375,364,-0.298842584326,1.58200497029
54,2015-02-24,0.99291489152,9.07740048722,178,0,0,9.07740048722,178,-0.298842584326,-0.630377459427
179,2015-06-29,0.984550507534,13.9373945476,740,0,0,13.9373945476,740,-0.298842584326,-0.630377459427
272,2015-09-30,0.971193135415,13.0477869625,721,0,0,13.0477869625,721,-0.298842584326,-0.630377459427
175,2015-06-25,0.965808495523,13.618375749,796,0,0,13.618375749,796,-0.298842584326,-0.630377459427
101,2015-04-12,0.942821426457,16.9108642308,209,0,0,16.9108642308,209,-0.298842584326,-0.630377459427
229,2015-08-18,0.939706118114,12.844528661,700,0,0,12.844528661,700,-0.298842584326,-0.630377459427
29,2015-01-30,0.938468705538,10.5255343028,255,0,1,10.5255343028,255,-0.298842584326,1.58200497029
38,2015-02-08,0.936204170666,9.32139764997,55,0,0,9.32139764997,55,-0.298842584326,-0.630377459427
9,2015-01-10,0.934256532938,10.0332611833,57,0,1,10.0332611833,57,-0.298842584326,1.58200497029
5,2015-01-06,0.932308801326,9.13956761911,261,0,0,9.13956761911,261,-0.298842584326,-0.630377459427
339,2015-12-06,0.918779644167,16.8183707586,292,0,0,16.8183707586,292,-0.298842584326,-0.630377459427
185,2015-07-05,0.914778917935,23.1964101123,247,0,0,23.1964101123,247,-0.298842584326,-0.630377459427
235,2015-08-24,0.909350525549,12.3760614747,752,0,0,12.3760614747,752,-0.298842584326,-0.630377459427
95,2015-04-06,0.909128710074,15.2854591757,489,0,0,15.2854591757,489,-0.298842584326,-0.630377459427
144,2015-05-25,0.90236105594,30.6793698956,392,1,0,30.6793698956,392,3.33707552497,-0.630377459427
191,2015-07-11,0.890995292757,23.7615673155,302,0,1,23.7615673155,302,-0.298842584326,1.58200497029
25,2015-01-26,0.883332666419,8.25696922125,105,0,0,8.25696922125,105,-0.298842584326,-0.630377459427
125,2015-05-06,0.882265006365,11.2376834002,583,0,0,11.2376834002,583,-0.298842584326,-0.630377459427
295,2015-10-23,0.882059793527,13.9761044176,874,0,1,13.9761044176,874,-0.298842584326,1.58200497029
97,2015-04-08,0.877813210418,11.1614269103,442,0,0,11.1614269103,442,-0.298842584326,-0.630377459427
81,2015-03-23,0.872541812284,9.38324545019,377,0,0,9.38324545019,377,-0.298842584326,-0.630377459427
42,2015-02-12,0.872088082535,12.716271028,265,0,0,12.716271028,265,-0.298842584326,-0.630377459427
353,2015-12-20,0.869601285144,17.0155479719,172,0,0,17.0155479719,172,-0.298842584326,-0.630377459427
24,2015-01-25,0.85355366386,12.8605946765,101,0,0,12.8605946765,101,-0.298842584326,-0.630377459427
74,2015-03-16,0.852519869972,11.573228828,455,0,0,11.573228828,455,-0.298842584326,-0.630377459427
59,2015-03-01,0.848822557504,11.0523148148,37,0,0,11.0523148148,37,-0.298842584326,-0.630377459427
317,2015-11-14,0.845115363328,16.214726569,229,0,1,16.214726569,229,-0.298842584326,1.58200497029
301,2015-10-29,0.84387484598,13.3228591405,1080,0,0,13.3228591405,1080,-0.298842584326,-0.630377459427
355,2015-12-22,0.84265832482,12.3355590754,634,0,0,12.3355590754,634,-0.298842584326,-0.630377459427
188,2015-07-08,0.841689138166,12.8060282661,761,0,0,12.8060282661,761,-0.298842584326,-0.630377459427
259,2015-09-17,0.833572772891,13.5197279442,892,0,0,13.5197279442,892,-0.298842584326,-0.630377459427
346,2015-12-13,0.823774758742,16.8638846597,340,0,0,16.8638846597,340,-0.298842584326,-0.630377459427
261,2015-09-19,0.81850271339,25.6408053296,389,0,1,25.6408053296,389,-0.298842584326,1.58200497029
1,2015-01-02,0.816819377336,15.5300441332,290,1,1,15.5300441332,290,3.33707552497,1.58200497029
79,2015-03-21,0.814031279763,13.3696319553,95,0,1,13.3696319553,95,-0.298842584326,1.58200497029
276,2015-10-04,0.811999699466,21.8286959655,288,0,0,21.8286959655,288,-0.298842584326,-0.630377459427
107,2015-04-18,0.807960486647,23.5275556685,261,0,1,23.5275556685,261,-0.298842584326,1.58200497029
169,2015-06-19,0.803852772907,13.1880414498,685,0,1,13.1880414498,685,-0.298842584326,1.58200497029
343,2015-12-10,0.803151340582,12.1903141825,972,0,0,12.1903141825,972,-0.298842584326,-0.630377459427
318,2015-11-15,0.801089563534,18.533261447,302,0,0,18.533261447,302,-0.298842584326,-0.630377459427
122,2015-05-03,0.796399294541,19.4213227745,259,0,0,19.4213227745,259,-0.298842584326,-0.630377459427
200,2015-07-20,0.795992637005,12.6929347335,579,0,0,12.6929347335,579,-0.298842584326,-0.630377459427
363,2015-12-30,0.791911990402,13.5645083754,528,0,0,13.5645083754,528,-0.298842584326,-0.630377459427
282,2015-10-10,0.7792500705,19.4084713391,379,0,1,19.4084713391,379,-0.298842584326,1.58200497029
136,2015-05-17,0.775013398743,25.9127148401,288,0,0,25.9127148401,288,-0.298842584326,-0.630377459427
285,2015-10-13,0.765223587706,13.9908452416,952,1,0,13.9908452416,952,3.33707552497,-0.630377459427
82,2015-03-24,0.754392338632,9.70172222437,438,0,0,9.70172222437,438,-0.298842584326,-0.630377459427
326,2015-11-23,0.753254186264,15.5176413868,784,0,0,15.5176413868,784,-0.298842584326,-0.630377459427
227,2015-08-16,0.751770961183,18.7516714903,308,0,0,18.7516714903,308,-0.298842584326,-0.630377459427
273,2015-10-01,0.744218545845,19.8552753283,729,0,0,19.8552753283,729,-0.298842584326,-0.630377459427
219,2015-08-08,0.73380031828,27.0313885712,768,0,1,27.0313885712,768,-0.298842584326,1.58200497029
87,2015-03-29,0.733716932278,21.4841046381,98,0,0,21.4841046381,98,-0.298842584326,-0.630377459427
286,2015-10-14,0.72803011649,15.4677440601,1096,0,0,15.4677440601,1096,-0.298842584326,-0.630377459427
127,2015-05-08,0.724333616056,12.9352091911,712,0,1,12.9352091911,712,-0.298842584326,1.58200497029
35,2015-02-05,0.722831487465,10.3118630196,256,0,0,10.3118630196,256,-0.298842584326,-0.630377459427
292,2015-10-20,0.721351367096,16.4243302172,1277,0,0,16.4243302172,1277,-0.298842584326,-0.630377459427
251,2015-09-09,0.718666850513,12.3343210641,859,0,0,12.3343210641,859,-0.298842584326,-0.630377459427
268,2015-09-26,0.717233132313,21.9794870409,414,0,1,21.9794870409,414,-0.298842584326,1.58200497029
3,2015-01-04,0.7083172516,11.7777777778,77,0,0,11.7777777778,77,-0.298842584326,-0.630377459427
194,2015-07-14,0.694319144777,11.8587488122,676,0,0,11.8587488122,676,-0.298842584326,-0.630377459427
31,2015-02-01,0.688105118183,10.3790685505,61,0,0,10.3790685505,61,-0.298842584326,-0.630377459427
226,2015-08-15,0.685146109754,26.520118729,757,0,1,26.520118729,757,-0.298842584326,1.58200497029
233,2015-08-22,0.676213676437,18.2120079214,266,0,1,18.2120079214,266,-0.298842584326,1.58200497029
117,2015-04-28,0.670600646797,12.2769998297,647,0,0,12.2769998297,647,-0.298842584326,-0.630377459427
356,2015-12-23,0.661607026945,12.2636628348,285,0,0,12.2636628348,285,-0.298842584326,-0.630377459427
205,2015-07-25,0.660960569434,24.7153815557,290,0,1,24.7153815557,290,-0.298842584326,1.58200497029
207,2015-07-27,0.65830616141,14.5764268647,624,0,0,14.5764268647,624,-0.298842584326,-0.630377459427
364,2015-12-31,0.657211391938,14.3812865255,426,1,0,14.3812865255,426,3.33707552497,-0.630377459427
71,2015-03-13,0.655909204013,10.9457969941,396,0,1,10.9457969941,396,-0.298842584326,1.58200497029
277,2015-10-05,0.653854181934,14.345930349,803,0,0,14.345930349,803,-0.298842584326,-0.630377459427
96,2015-04-07,0.651290455489,9.71061717791,413,0,0,9.71061717791,413,-0.298842584326,-0.630377459427
262,2015-09-20,0.647298051981,27.7724047596,361,0,0,27.7724047596,361,-0.298842584326,-0.630377459427
212,2015-08-01,0.639637726522,26.891311763,684,0,1,26.891311763,684,-0.298842584326,1.58200497029
232,2015-08-21,0.624432320671,13.0780542767,678,0,1,13.0780542767,678,-0.298842584326,1.58200497029
108,2015-04-19,0.620361301818,22.4720135107,219,0,0,22.4720135107,219,-0.298842584326,-0.630377459427
204,2015-07-24,0.619023516553,13.4156280636,700,0,1,13.4156280636,700,-0.298842584326,1.58200497029
249,2015-09-07,0.614720335672,19.9608126358,308,1,0,19.9608126358,308,3.33707552497,-0.630377459427
362,2015-12-29,0.613438681753,11.1087135747,308,0,0,11.1087135747,308,-0.298842584326,-0.630377459427
290,2015-10-18,0.608574528874,15.3888162368,228,0,0,15.3888162368,228,-0.298842584326,-0.630377459427
130,2015-05-11,0.607795032116,12.6518791206,625,0,0,12.6518791206,625,-0.298842584326,-0.630377459427
270,2015-09-28,0.6042182017,21.4100907907,852,0,0,21.4100907907,852,-0.298842584326,-0.630377459427
170,2015-06-20,0.598904836945,17.2143833065,199,0,1,17.2143833065,199,-0.298842584326,1.58200497029
132,2015-05-13,0.57973059879,12.3157334124,730,0,0,12.3157334124,730,-0.298842584326,-0.630377459427
222,2015-08-11,0.576115508291,15.1186236891,371,0,0,15.1186236891,371,-0.298842584326,-0.630377459427
313,2015-11-10,0.574352492007,11.6292072949,548,1,0,11.6292072949,548,3.33707552497,-0.630377459427
302,2015-10-30,0.571588458625,17.7872282525,982,0,1,17.7872282525,982,-0.298842584326,1.58200497029
48,2015-02-18,0.570167812192,10.3185605045,250,0,0,10.3185605045,250,-0.298842584326,-0.630377459427
309,2015-11-06,0.563831297394,15.6869217979,1077,0,1,15.6869217979,1077,-0.298842584326,1.58200497029
271,2015-09-29,0.563185443842,18.1008548384,890,0,0,18.1008548384,890,-0.298842584326,-0.630377459427
20,2015-01-21,0.561075787331,10.1273105689,348,0,0,10.1273105689,348,-0.298842584326,-0.630377459427
279,2015-10-07,0.555595851826,14.2978672471,846,0,0,14.2978672471,846,-0.298842584326,-0.630377459427
239,2015-08-28,0.545500625791,12.2084582034,722,0,1,12.2084582034,722,-0.298842584326,1.58200497029
221,2015-08-10,0.545253411901,14.0754610939,687,0,0,14.0754610939,687,-0.298842584326,-0.630377459427
131,2015-05-12,0.539187986416,12.3905040519,724,0,0,12.3905040519,724,-0.298842584326,-0.630377459427
347,2015-12-14,0.537904797589,12.9024238272,881,0,0,12.9024238272,881,-0.298842584326,-0.630377459427
312,2015-11-09,0.537440777446,14.7027151971,1004,0,0,14.7027151971,1004,-0.298842584326,-0.630377459427
44,2015-02-14,0.527042769846,12.6318681319,39,0,1,12.6318681319,39,-0.298842584326,1.58200497029
72,2015-03-14,0.52581157212,11.2452380952,29,0,1,11.2452380952,29,-0.298842584326,1.58200497029
4,2015-01-05,0.52528415274,9.34083452885,386,0,0,9.34083452885,386,-0.298842584326,-0.630377459427
335,2015-12-02,0.523956970293,11.3724285306,581,0,0,11.3724285306,581,-0.298842584326,-0.630377459427
52,2015-02-22,0.518246387076,16.1975881262,38,0,0,16.1975881262,38,-0.298842584326,-0.630377459427
63,2015-03-05,0.515667776584,17.3746031746,40,0,0,17.3746031746,40,-0.298842584326,-0.630377459427
16,2015-01-17,0.514476354814,10.7362811791,57,0,1,10.7362811791,57,-0.298842584326,1.58200497029
293,2015-10-21,0.512065149302,14.6955263102,1154,0,0,14.6955263102,1154,-0.298842584326,-0.630377459427
83,2015-03-25,0.507500176047,10.3623244715,417,0,0,10.3623244715,417,-0.298842584326,-0.630377459427
334,2015-12-01,0.502703884225,11.9950945674,482,0,0,11.9950945674,482,-0.298842584326,-0.630377459427
190,2015-07-10,0.501050826865,14.9916145561,709,0,1,14.9916145561,709,-0.298842584326,1.58200497029
243,2015-09-01,0.501018232119,13.0231005966,840,0,0,13.0231005966,840,-0.298842584326,-0.630377459427
11,2015-01-12,0.486445612512,9.85213950627,228,0,0,9.85213950627,228,-0.298842584326,-0.630377459427
192,2015-07-12,0.483352933687,19.0667162943,314,0,0,19.0667162943,314,-0.298842584326,-0.630377459427
47,2015-02-17,0.47577004966,10.6642155464,101,1,0,10.6642155464,101,3.33707552497,-0.630377459427
18,2015-01-19,0.473983083902,13.7438980431,143,1,0,13.7438980431,143,3.33707552497,-0.630377459427
50,2015-02-20,0.473849539742,10.3975432679,175,0,1,10.3975432679,175,-0.298842584326,1.58200497029
253,2015-09-11,0.473771661202,13.6045135031,836,0,1,13.6045135031,836,-0.298842584326,1.58200497029
176,2015-06-26,0.472987377516,16.2754873535,684,0,1,16.2754873535,684,-0.298842584326,1.58200497029
33,2015-02-03,0.470012333798,15.6390187893,113,0,0,15.6390187893,113,-0.298842584326,-0.630377459427
328,2015-11-25,0.466607823675,19.5286306869,756,1,0,19.5286306869,756,3.33707552497,-0.630377459427
303,2015-10-31,0.461968601382,17.8702318082,336,0,1,17.8702318082,336,-0.298842584326,1.58200497029
337,2015-12-04,0.459264327685,13.3076756131,876,0,1,13.3076756131,876,-0.298842584326,1.58200497029
138,2015-05-19,0.448845339329,13.8978394385,675,0,0,13.8978394385,675,-0.298842584326,-0.630377459427
319,2015-11-16,0.429445445344,14.754642158,909,0,0,14.754642158,909,-0.298842584326,-0.630377459427
19,2015-01-20,0.428609385131,9.89108205154,411,1,0,9.89108205154,411,3.33707552497,-0.630377459427
77,2015-03-19,0.426095104556,10.533159271,449,0,0,10.533159271,449,-0.298842584326,-0.630377459427
225,2015-08-14,0.425910578209,13.2821775798,725,0,1,13.2821775798,725,-0.298842584326,1.58200497029
281,2015-10-09,0.423342841322,22.7879973018,743,0,1,22.7879973018,743,-0.298842584326,1.58200497029
336,2015-12-03,0.422209781121,12.9960752403,857,0,0,12.9960752403,857,-0.298842584326,-0.630377459427
85,2015-03-27,0.42168249562,9.74877564516,307,0,1,9.74877564516,307,-0.298842584326,1.58200497029
43,2015-02-13,0.418978494944,9.06372180451,177,0,1,9.06372180451,177,-0.298842584326,1.58200497029
333,2015-11-30,0.418478010509,10.7350214229,793,0,0,10.7350214229,793,-0.298842584326,-0.630377459427
12,2015-01-13,0.411509544788,8.6664517542,309,0,0,8.6664517542,309,-0.298842584326,-0.630377459427
186,2015-07-06,0.411298478328,12.366082153,741,0,0,12.366082153,741,-0.298842584326,-0.630377459427
354,2015-12-21,0.408797579915,12.1064919669,816,0,0,12.1064919669,816,-0.298842584326,-0.630377459427
140,2015-05-21,0.408170111509,12.7267149102,754,0,0,12.7267149102,754,-0.298842584326,-0.630377459427
332,2015-11-29,0.406414061078,19.4675336914,214,0,0,19.4675336914,214,-0.298842584326,-0.630377459427
155,2015-06-05,0.404485933837,15.0116377067,651,0,1,15.0116377067,651,-0.298842584326,1.58200497029
269,2015-09-27,0.40231893604,18.7438416125,346,0,0,18.7438416125,346,-0.298842584326,-0.630377459427
7,2015-01-08,0.402138803918,8.85088795957,273,0,0,8.85088795957,273,-0.298842584326,-0.630377459427
126,2015-05-07,0.398950597158,13.0175691348,790,0,0,13.0175691348,790,-0.298842584326,-0.630377459427
182,2015-07-02,0.398131200425,13.7697091461,693,1,0,13.7697091461,693,3.33707552497,-0.630377459427
135,2015-05-16,0.398031725059,16.9758363506,205,0,1,16.9758363506,205,-0.298842584326,1.58200497029
62,2015-03-04,0.394231422729,11.4279151555,220,0,0,11.4279151555,220,-0.298842584326,-0.630377459427
148,2015-05-29,0.393081245245,15.9279398082,773,0,1,15.9279398082,773,-0.298842584326,1.58200497029
98,2015-04-09,0.392230712024,9.55338920399,373,0,0,9.55338920399,373,-0.298842584326,-0.630377459427
164,2015-06-14,0.390695395906,21.1158319009,286,0,0,21.1158319009,286,-0.298842584326,-0.630377459427
70,2015-03-12,0.380278825451,10.0097133088,512,0,0,10.0097133088,512,-0.298842584326,-0.630377459427
315,2015-11-12,0.379430295417,11.8977741043,801,1,0,11.8977741043,801,3.33707552497,-0.630377459427
112,2015-04-23,0.369634245918,13.1755322612,539,0,0,13.1755322612,539,-0.298842584326,-0.630377459427
6,2015-01-07,0.363859751047,9.82251869864,262,0,0,9.82251869864,262,-0.298842584326,-0.630377459427
146,2015-05-27,0.363445314953,12.0961251341,720,0,0,12.0961251341,720,-0.298842584326,-0.630377459427
224,2015-08-13,0.35737863761,13.1778153817,801,0,0,13.1778153817,801,-0.298842584326,-0.630377459427
341,2015-12-08,0.350341912341,12.6715342961,868,0,0,12.6715342961,868,-0.298842584326,-0.630377459427
90,2015-04-01,0.349173546746,10.8801748917,539,0,0,10.8801748917,539,-0.298842584326,-0.630377459427
64,2015-03-06,0.346324306848,10.4400786121,118,0,1,10.4400786121,118,-0.298842584326,1.58200497029
183,2015-07-03,0.346135290952,17.0959613937,322,1,1,17.0959613937,322,3.33707552497,1.58200497029
73,2015-03-15,0.345984390972,12.60245039,94,0,0,12.60245039,94,-0.298842584326,-0.630377459427
172,2015-06-22,0.339803429771,14.3023535937,674,0,0,14.3023535937,674,-0.298842584326,-0.630377459427
124,2015-05-05,0.337755065461,12.6689995734,634,0,0,12.6689995734,634,-0.298842584326,-0.630377459427
348,2015-12-15,0.337520051504,12.4533558201,990,0,0,12.4533558201,990,-0.298842584326,-0.630377459427
129,2015-05-10,0.336711270481,20.2850077695,327,0,0,20.2850077695,327,-0.298842584326,-0.630377459427
263,2015-09-21,0.333857617275,15.7873387055,787,0,0,15.7873387055,787,-0.298842584326,-0.630377459427
58,2015-02-28,0.331265618792,10.6437812188,56,0,1,10.6437812188,56,-0.298842584326,1.58200497029
345,2015-12-12,0.330509594428,16.6581580806,367,0,1,16.6581580806,367,-0.298842584326,1.58200497029
69,2015-03-11,0.321777908646,12.0720814763,550,0,0,12.0720814763,550,-0.298842584326,-0.630377459427
257,2015-09-15,0.319081533471,12.819876765,834,0,0,12.819876765,834,-0.298842584326,-0.630377459427
206,2015-07-26,0.318919536438,19.2377861401,385,0,0,19.2377861401,385,-0.298842584326,-0.630377459427
163,2015-06-13,0.318686886431,18.9239345468,305,0,1,18.9239345468,305,-0.298842584326,1.58200497029
304,2015-11-01,0.317634600994,16.8322510644,394,0,0,16.8322510644,394,-0.298842584326,-0.630377459427
278,2015-10-06,0.311111949458,20.2627810371,1044,0,0,20.2627810371,1044,-0.298842584326,-0.630377459427
17,2015-01-18,0.31057784448,14.25,8,1,0,14.25,8,3.33707552497,-0.630377459427
260,2015-09-18,0.30974071471,15.2960938924,836,0,1,15.2960938924,836,-0.298842584326,1.58200497029
26,2015-01-27,0.308983524524,9.54285714286,27,0,0,9.54285714286,27,-0.298842584326,-0.630377459427
234,2015-08-23,0.305561390207,20.1339133089,354,0,0,20.1339133089,354,-0.298842584326,-0.630377459427
203,2015-07-23,0.30230530173,13.4305710175,725,0,0,13.4305710175,725,-0.298842584326,-0.630377459427
184,2015-07-04,0.301560463975,26.0266693575,228,1,1,26.0266693575,228,3.33707552497,1.58200497029
359,2015-12-26,0.301539425943,18.7884463786,218,1,1,18.7884463786,218,3.33707552497,1.58200497029
344,2015-12-11,0.30078179162,12.2219838414,920,0,1,12.2219838414,920,-0.298842584326,1.58200497029
88,2015-03-30,0.296325400672,9.29857250439,448,0,0,9.29857250439,448,-0.298842584326,-0.630377459427
55,2015-02-25,0.295128021188,9.82807394219,319,0,0,9.82807394219,319,-0.298842584326,-0.630377459427
49,2015-02-19,0.29373996717,8.88712831688,270,0,0,8.88712831688,270,-0.298842584326,-0.630377459427
265,2015-09-23,0.290137304044,13.1456987938,820,0,0,13.1456987938,820,-0.298842584326,-0.630377459427
338,2015-12-05,0.286667685823,21.2340837981,285,0,1,21.2340837981,285,-0.298842584326,1.58200497029
76,2015-03-18,0.286082621872,10.7925005928,427,0,0,10.7925005928,427,-0.298842584326,-0.630377459427
300,2015-10-28,0.28588305239,10.9235682024,375,0,0,10.9235682024,375,-0.298842584326,-0.630377459427
289,2015-10-17,0.277654336133,18.5247028258,326,0,1,18.5247028258,326,-0.298842584326,1.58200497029
244,2015-09-02,0.268339947802,12.5142615839,744,0,0,12.5142615839,744,-0.298842584326,-0.630377459427
121,2015-05-02,0.266419734048,18.2602162391,228,0,1,18.2602162391,228,-0.298842584326,1.58200497029
173,2015-06-23,0.260357406876,13.6604174588,679,0,0,13.6604174588,679,-0.298842584326,-0.630377459427
32,2015-02-02,0.259082571782,21.8479591837,24,0,0,21.8479591837,24,-0.298842584326,-0.630377459427
360,2015-12-27,0.258228072974,14.0363121593,179,0,0,14.0363121593,179,-0.298842584326,-0.630377459427
220,2015-08-09,0.258017716025,948.638550658,336,0,0,948.638550658,336,-0.298842584326,-0.630377459427
284,2015-10-12,0.257696365188,20.9361773604,789,1,0,20.9361773604,789,3.33707552497,-0.630377459427
51,2015-02-21,0.254754652581,12.1527777778,22,0,1,12.1527777778,22,-0.298842584326,1.58200497029
280,2015-10-08,0.252989273952,14.9777897087,891,0,0,14.9777897087,891,-0.298842584326,-0.630377459427
258,2015-09-16,0.251646315895,13.5441537395,851,0,0,13.5441537395,851,-0.298842584326,-0.630377459427
193,2015-07-13,0.246794983743,12.2730453327,715,0,0,12.2730453327,715,-0.298842584326,-0.630377459427
22,2015-01-23,0.246718756328,9.99004654177,361,0,1,9.99004654177,361,-0.298842584326,1.58200497029
14,2015-01-15,0.243963566121,9.2657676976,388,0,0,9.2657676976,388,-0.298842584326,-0.630377459427
45,2015-02-15,0.242180435655,10.219047619,23,1,0,10.219047619,23,3.33707552497,-0.630377459427
329,2015-11-26,0.240100147075,20.9310354229,172,1,0,20.9310354229,172,3.33707552497,-0.630377459427
177,2015-06-27,0.239786802319,19.4954367231,130,0,1,19.4954367231,130,-0.298842584326,1.58200497029
351,2015-12-18,0.238856830095,16.0196164727,847,0,1,16.0196164727,847,-0.298842584326,1.58200497029
236,2015-08-25,0.237385672566,11.9349599059,696,0,0,11.9349599059,696,-0.298842584326,-0.630377459427
327,2015-11-24,0.236707576859,11.9029458651,877,0,0,11.9029458651,877,-0.298842584326,-0.630377459427
287,2015-10-15,0.233635673739,14.68044605,970,0,0,14.68044605,970,-0.298842584326,-0.630377459427
174,2015-06-24,0.232923521825,12.8085195604,761,0,0,12.8085195604,761,-0.298842584326,-0.630377459427
311,2015-11-08,0.228945693388,20.2247185106,410,0,0,20.2247185106,410,-0.298842584326,-0.630377459427
240,2015-08-29,0.227822289336,18.7952241097,319,0,1,18.7952241097,319,-0.298842584326,1.58200497029
115,2015-04-26,0.226893025483,27.0944575725,206,0,0,27.0944575725,206,-0.298842584326,-0.630377459427
199,2015-07-19,0.219989408374,19.0760702504,306,0,0,19.0760702504,306,-0.298842584326,-0.630377459427
299,2015-10-27,0.217879941103,14.210846333,1056,0,0,14.210846333,1056,-0.298842584326,-0.630377459427
242,2015-08-31,0.217067571195,11.8879014997,805,0,0,11.8879014997,805,-0.298842584326,-0.630377459427
15,2015-01-16,0.215714566641,8.84200044976,343,0,1,8.84200044976,343,-0.298842584326,1.58200497029
120,2015-05-01,0.210124871576,12.1524460709,627,0,1,12.1524460709,627,-0.298842584326,1.58200497029
213,2015-08-02,0.209386469592,20.1065555648,332,0,0,20.1065555648,332,-0.298842584326,-0.630377459427
152,2015-06-02,0.209126095664,9.15703265097,303,0,0,9.15703265097,303,-0.298842584326,-0.630377459427
21,2015-01-22,0.20488970604,9.59647179242,425,0,0,9.59647179242,425,-0.298842584326,-0.630377459427
67,2015-03-09,0.204292845207,12.1036572331,386,0,0,12.1036572331,386,-0.298842584326,-0.630377459427
324,2015-11-21,0.202201175245,26.1308740896,314,0,1,26.1308740896,314,-0.298842584326,1.58200497029
40,2015-02-10,0.19995507264,10.4965907867,293,0,0,10.4965907867,293,-0.298842584326,-0.630377459427
154,2015-06-04,0.199387433084,16.6278049384,785,0,0,16.6278049384,785,-0.298842584326,-0.630377459427
171,2015-06-21,0.199198046649,15.2154141343,281,0,0,15.2154141343,281,-0.298842584326,-0.630377459427
252,2015-09-10,0.197634184972,11.3141693254,342,0,0,11.3141693254,342,-0.298842584326,-0.630377459427
201,2015-07-21,0.189198322611,18.8705261554,646,0,0,18.8705261554,646,-0.298842584326,-0.630377459427
137,2015-05-18,0.183280051662,11.3260470453,726,0,0,11.3260470453,726,-0.298842584326,-0.630377459427
141,2015-05-22,0.182809098913,15.58852347,740,0,1,15.58852347,740,-0.298842584326,1.58200497029
153,2015-06-03,0.181719809025,12.3325671947,755,0,0,12.3325671947,755,-0.298842584326,-0.630377459427
46,2015-02-16,0.181538753613,10.9510822511,48,1,0,10.9510822511,48,3.33707552497,-0.630377459427
238,2015-08-27,0.179482984276,13.6563025536,746,0,0,13.6563025536,746,-0.298842584326,-0.630377459427
92,2015-04-03,0.178152921715,11.272023399,244,0,1,11.272023399,244,-0.298842584326,1.58200497029
288,2015-10-16,0.174478794687,12.7827911122,934,0,1,12.7827911122,934,-0.298842584326,1.58200497029
41,2015-02-11,0.172213399212,10.9745284161,302,0,0,10.9745284161,302,-0.298842584326,-0.630377459427
209,2015-07-29,0.171719959002,11.5624870656,670,0,0,11.5624870656,670,-0.298842584326,-0.630377459427
27,2015-01-28,0.171661359923,10.8154039052,128,0,0,10.8154039052,128,-0.298842584326,-0.630377459427
89,2015-03-31,0.169661908223,11.5665763626,366,0,0,11.5665763626,366,-0.298842584326,-0.630377459427
230,2015-08-19,0.168904776648,13.9395555139,732,0,0,13.9395555139,732,-0.298842584326,-0.630377459427
320,2015-11-17,0.166985536505,13.2479170931,909,0,0,13.2479170931,909,-0.298842584326,-0.630377459427
264,2015-09-22,0.164539733856,13.9736775756,805,0,0,13.9736775756,805,-0.298842584326,-0.630377459427
56,2015-02-26,0.162575099212,12.7825297202,275,0,0,12.7825297202,275,-0.298842584326,-0.630377459427
195,2015-07-15,0.161734677113,12.0482707067,703,0,0,12.0482707067,703,-0.298842584326,-0.630377459427
30,2015-01-31,0.161226209536,9.09713500785,55,0,1,9.09713500785,55,-0.298842584326,1.58200497029
165,2015-06-15,0.160943181004,12.8659761308,474,0,0,12.8659761308,474,-0.298842584326,-0.630377459427
142,2015-05-23,0.158299546947,25.4384005482,279,0,1,25.4384005482,279,-0.298842584326,1.58200497029
245,2015-09-03,0.156547574048,13.0083434837,761,0,0,13.0083434837,761,-0.298842584326,-0.630377459427
57,2015-02-27,0.150630104244,8.60079932105,246,0,1,8.60079932105,246,-0.298842584326,1.58200497029
321,2015-11-18,0.148902094465,14.5904199878,950,0,0,14.5904199878,950,-0.298842584326,-0.630377459427
350,2015-12-17,0.148860720647,12.79743542,480,0,0,12.79743542,480,-0.298842584326,-0.630377459427
34,2015-02-04,0.147886313892,10.5554780296,230,0,0,10.5554780296,230,-0.298842584326,-0.630377459427
237,2015-08-26,0.142107341958,11.9238274904,840,0,0,11.9238274904,840,-0.298842584326,-0.630377459427
208,2015-07-28,0.14152805556,12.7883431919,732,0,0,12.7883431919,732,-0.298842584326,-0.630377459427
331,2015-11-28,0.137355488709,19.2177712499,172,0,1,19.2177712499,172,-0.298842584326,1.58200497029
298,2015-10-26,0.134645793396,12.4228691469,1058,0,0,12.4228691469,1058,-0.298842584326,-0.630377459427
217,2015-08-06,0.134340116459,12.5135469915,809,0,0,12.5135469915,809,-0.298842584326,-0.630377459427
255,2015-09-13,0.132991160424,22.135973625,306,0,0,22.135973625,306,-0.298842584326,-0.630377459427
241,2015-08-30,0.132111286521,20.5277875385,337,0,0,20.5277875385,337,-0.298842584326,-0.630377459427
357,2015-12-24,0.131311482045,12.5103848135,537,1,0,12.5103848135,537,3.33707552497,-0.630377459427
358,2015-12-25,0.125837005235,20.6986832612,194,1,1,20.6986832612,194,3.33707552497,1.58200497029
61,2015-03-03,0.125184816773,9.64897259603,143,0,0,9.64897259603,143,-0.298842584326,-0.630377459427
111,2015-04-22,0.123580601334,17.5950171596,530,0,0,17.5950171596,530,-0.298842584326,-0.630377459427
156,2015-06-06,0.123418687713,20.0927326815,282,0,1,20.0927326815,282,-0.298842584326,1.58200497029
330,2015-11-27,0.121110242348,17.9796914799,557,1,1,17.9796914799,557,3.33707552497,1.58200497029
361,2015-12-28,0.120059033933,11.6831407774,530,0,0,11.6831407774,530,-0.298842584326,-0.630377459427
28,2015-01-29,0.116465229096,10.7383164999,203,0,0,10.7383164999,203,-0.298842584326,-0.630377459427
60,2015-03-02,0.112373983873,11.5924096313,204,0,0,11.5924096313,204,-0.298842584326,-0.630377459427
211,2015-07-31,0.110311808667,14.7565797001,676,0,1,14.7565797001,676,-0.298842584326,1.58200497029
210,2015-07-30,0.110305530651,12.0043698558,532,0,0,12.0043698558,532,-0.298842584326,-0.630377459427
197,2015-07-17,0.109877058424,12.5953369331,637,0,1,12.5953369331,637,-0.298842584326,1.58200497029
66,2015-03-08,0.109211273738,11.4159863946,71,0,0,11.4159863946,71,-0.298842584326,-0.630377459427
349,2015-12-16,0.10301627885,12.6049099504,917,0,0,12.6049099504,917,-0.298842584326,-0.630377459427
218,2015-08-07,0.101379792688,16.0861958258,709,0,1,16.0861958258,709,-0.298842584326,1.58200497029
68,2015-03-10,0.0973344533158,10.3097539801,284,0,0,10.3097539801,284,-0.298842584326,-0.630377459427
189,2015-07-09,0.0931257403539,11.2950872489,713,0,0,11.2950872489,713,-0.298842584326,-0.630377459427
340,2015-12-07,0.091015529422,11.7259144359,805,0,0,11.7259144359,805,-0.298842584326,-0.630377459427
106,2015-04-17,0.0840664161071,12.451177584,505,0,1,12.451177584,505,-0.298842584326,1.58200497029
256,2015-09-14,0.0839412022887,13.7734445835,797,0,0,13.7734445835,797,-0.298842584326,-0.630377459427
322,2015-11-19,0.081381497217,15.5252292158,401,0,0,15.5252292158,401,-0.298842584326,-0.630377459427
294,2015-10-22,0.0762407986801,15.2441820991,1205,0,0,15.2441820991,1205,-0.298842584326,-0.630377459427
80,2015-03-22,0.0731658277863,13.5580241187,119,0,0,13.5580241187,119,-0.298842584326,-0.630377459427
160,2015-06-10,0.0719683147446,13.9100832629,851,0,0,13.9100832629,851,-0.298842584326,-0.630377459427
314,2015-11-11,0.0706268478321,14.0595167358,760,1,0,14.0595167358,760,3.33707552497,-0.630377459427
93,2015-04-04,0.0696238147278,15.9597221193,144,0,1,15.9597221193,144,-0.298842584326,1.58200497029
215,2015-08-04,0.0682325239071,13.0486749615,652,0,0,13.0486749615,652,-0.298842584326,-0.630377459427
296,2015-10-24,0.0673141571355,15.1974896943,358,0,1,15.1974896943,358,-0.298842584326,1.58200497029
231,2015-08-20,0.0585459918824,15.5286619982,759,0,0,15.5286619982,759,-0.298842584326,-0.630377459427
91,2015-04-02,0.0583496472701,14.4124737481,567,0,0,14.4124737481,567,-0.298842584326,-0.630377459427
306,2015-11-03,0.0558379578844,14.4758281274,1115,0,0,14.4758281274,1115,-0.298842584326,-0.630377459427
274,2015-10-02,0.0546737216351,27.969141604,156,0,1,27.969141604,156,-0.298842584326,1.58200497029
267,2015-09-25,0.052582101754,16.9930802048,792,0,1,16.9930802048,792,-0.298842584326,1.58200497029
113,2015-04-24,0.0515618589515,10.4902151176,524,0,1,10.4902151176,524,-0.298842584326,1.58200497029
103,2015-04-14,0.051196951745,15.6395593137,529,0,0,15.6395593137,529,-0.298842584326,-0.630377459427
119,2015-04-30,0.0502041181638,12.137801296,655,0,0,12.137801296,655,-0.298842584326,-0.630377459427
246,2015-09-04,0.0455232166656,12.5458736324,692,0,1,12.5458736324,692,-0.298842584326,1.58200497029
151,2015-06-01,0.0426470555896,9.50169314472,292,0,0,9.50169314472,292,-0.298842584326,-0.630377459427
139,2015-05-20,0.0388284104108,13.2103792193,705,0,0,13.2103792193,705,-0.298842584326,-0.630377459427
254,2015-09-12,0.0365812487623,19.5291265104,269,0,1,19.5291265104,269,-0.298842584326,1.58200497029
187,2015-07-07,0.0283855529849,12.1101591186,786,0,0,12.1101591186,786,-0.298842584326,-0.630377459427
167,2015-06-17,0.0176365873919,13.3925979469,723,0,0,13.3925979469,723,-0.298842584326,-0.630377459427
158,2015-06-08,0.0152368179438,13.7621918892,772,0,0,13.7621918892,772,-0.298842584326,-0.630377459427
196,2015-07-16,0.0137114894295,13.7216985823,790,0,0,13.7216985823,790,-0.298842584326,-0.630377459427
162,2015-06-12,0.0111656309647,14.1866321052,717,0,1,14.1866321052,717,-0.298842584326,1.58200497029
166,2015-06-16,0.0109502761613,13.6867194639,700,0,0,13.6867194639,700,-0.298842584326,-0.630377459427
0,2015-01-01,0.0,20.9357142857,36,1,0,20.9357142857,36,3.33707552497,-0.630377459427
