,taxi_date,km_score,total_amount_x,taxi_trip_count_x,holiday_x,weekend_x,total_amount_y,taxi_trip_count_y,holiday_y,weekend_y
0,2015-01-01,1.26765670327,13.0825236017,9851,1,0,-1.37399524426,-1.63477286549,3.33707552497,-0.630377459427
1,2015-01-02,1.88185914056,13.3197835851,14694,1,1,-1.18200010168,-0.281061506958,3.33707552497,1.58200497029
2,2015-01-03,1.23483214322,11.8035712236,13942,0,1,-2.40894703248,-0.491259925628,-0.298842584326,1.58200497029
3,2015-01-04,0.80367455342,13.4497000205,9734,0,0,-1.07686933258,-1.66747660883,-0.298842584326,-0.630377459427
4,2015-01-05,1.66595423396,13.2058400867,17522,0,0,-1.27420527636,0.509418716445,-0.298842584326,-0.630377459427
5,2015-01-06,1.88469413764,12.9255092205,19088,0,0,-1.50105416952,0.947145742559,-0.298842584326,-0.630377459427
6,2015-01-07,1.66096533069,13.2739901404,20082,0,0,-1.21905699943,1.22498780128,-0.298842584326,-0.630377459427
7,2015-01-08,1.47628118708,13.578454992,20563,0,0,-0.972678441498,1.35943652386,-0.298842584326,-0.630377459427
8,2015-01-09,1.37930310748,13.7036593326,17771,0,1,-0.87136078615,0.579018990712,-0.298842584326,1.58200497029
9,2015-01-10,1.08701392546,12.0020219123,14056,0,1,-2.24835708505,-0.459394739819,-0.298842584326,1.58200497029
10,2015-01-11,1.14725235561,12.98486981,11368,0,0,-1.45301848864,-1.2107422789,-0.298842584326,-0.630377459427
11,2015-01-12,1.62087353167,13.4662377835,21078,0,0,-1.06348667064,1.50338889835,-0.298842584326,-0.630377459427
12,2015-01-13,1.2510801692,14.1782715764,21644,0,0,-0.48729582887,1.6615967507,-0.298842584326,-0.630377459427
13,2015-01-14,1.26738080213,14.5870326449,22515,0,0,-0.156518853861,1.90505795105,-0.298842584326,-0.630377459427
14,2015-01-15,0.84191233293,14.6534798851,20880,0,0,-0.102748524957,1.44804410194,-0.298842584326,-0.630377459427
15,2015-01-16,1.1508204954,14.3956188705,17742,0,1,-0.311414400823,0.570912934673,-0.298842584326,1.58200497029
16,2015-01-17,1.19792331245,11.8702372044,14165,0,1,-2.35499969467,-0.428927149879,-0.298842584326,1.58200497029
17,2015-01-18,1.45709480041,12.2895408632,11979,1,0,-2.01569146167,-1.03995606373,3.33707552497,-0.630377459427
18,2015-01-19,1.08808314904,12.7480554443,12481,1,0,-1.64465302913,-0.899637438497,3.33707552497,-0.630377459427
19,2015-01-20,2.10901265391,13.5603104202,20585,1,0,-0.987361362707,1.36558594568,3.33707552497,-0.630377459427
20,2015-01-21,1.51811010699,13.8651750057,22085,0,0,-0.74065933275,1.78486470633,-0.298842584326,-0.630377459427
21,2015-01-22,1.04118773002,14.7965378466,21891,0,0,0.0130166088086,1.73063798662,-0.298842584326,-0.630377459427
22,2015-01-23,1.08220532271,14.6514912375,18602,0,1,-0.104357775136,0.81129942411,-0.298842584326,1.58200497029
23,2015-01-24,1.20206178211,11.809533404,13202,0,1,-2.40412232645,-0.698104114213,-0.298842584326,1.58200497029
24,2015-01-25,0.437896314952,13.901401,10000,0,0,-0.711344591818,-1.5931245086,-0.298842584326,-0.630377459427
25,2015-01-26,0.996511922533,13.4458387903,8399,0,0,-1.07999391109,-2.0406347058,-0.298842584326,-0.630377459427
26,2015-01-27,2.65412066423,11.377013156,6917,0,0,-2.75412566655,-2.45488212132,-0.298842584326,-0.630377459427
27,2015-01-28,0.9081349121,14.123692588,18659,0,0,-0.531462150153,0.827232017014,-0.298842584326,-0.630377459427
28,2015-01-29,0.472976437594,14.6680162463,18712,0,0,-0.0909854341029,0.842046533224,-0.298842584326,-0.630377459427
29,2015-01-30,1.08286527524,14.4218801773,17142,0,1,-0.29016326828,0.403201430415,-0.298842584326,1.58200497029
30,2015-01-31,1.02268983648,12.042943265,13519,0,1,-2.21524277379,-0.60949653613,-0.298842584326,1.58200497029
31,2015-02-01,1.07084941223,13.2533379215,8718,0,0,-1.23576915481,-1.95146808937,-0.298842584326,-0.630377459427
32,2015-02-02,1.41260010381,13.1594094626,14309,0,0,-1.31177779144,-0.388676388857,-0.298842584326,-0.630377459427
33,2015-02-03,0.593311379393,14.6236343161,19536,0,0,-0.126900108282,1.07237033241,-0.298842584326,-0.630377459427
34,2015-02-04,0.168334449815,15.0594380218,18684,0,0,0.225760266162,0.834219996359,-0.298842584326,-0.630377459427
35,2015-02-05,0.624334963131,15.9721081533,19121,0,0,0.964309723423,0.956369875293,-0.298842584326,-0.630377459427
36,2015-02-06,0.477352345206,15.1804280316,16938,0,1,0.323667607482,0.346179518967,-0.298842584326,1.58200497029
37,2015-02-07,0.769965779077,12.3415513788,12982,0,1,-1.97360359577,-0.759598332441,-0.298842584326,1.58200497029
38,2015-02-08,0.987770900548,13.197881519,9875,0,0,-1.28064549577,-1.62806440532,-0.298842584326,-0.630377459427
39,2015-02-09,1.97707996315,12.9002336975,20411,0,0,-1.52150758758,1.31694960945,-0.298842584326,-0.630377459427
40,2015-02-10,1.09268124183,14.1929390612,20857,0,0,-0.475426630382,1.44161516095,-0.298842584326,-0.630377459427
41,2015-02-11,0.590873758094,15.1657993073,20499,0,0,0.31182977466,1.34154729674,-0.298842584326,-0.630377459427
42,2015-02-12,0.920030166984,16.340982695,19243,0,0,1.26280978729,0.990471214492,-0.298842584326,-0.630377459427
43,2015-02-13,0.149546463057,15.8610235973,15934,0,1,0.874418057516,0.0655422685088,-0.298842584326,1.58200497029
44,2015-02-14,0.519170577234,13.1221066883,14772,0,1,-1.34196388248,-0.259259011404,-0.298842584326,1.58200497029
45,2015-02-15,0.741635808796,13.2110901883,13117,1,0,-1.26995679761,-0.721863243983,3.33707552497,-0.630377459427
46,2015-02-16,1.15306808457,12.9728653385,15862,1,0,-1.46273272774,0.0454168879979,3.33707552497,-0.630377459427
47,2015-02-17,2.13431011333,14.1058398805,20747,1,0,-0.54590888948,1.41086805183,3.33707552497,-0.630377459427
48,2015-02-18,0.775416784426,14.5722684004,20380,0,0,-0.16846635208,1.30828451506,-0.298842584326,-0.630377459427
49,2015-02-19,0.619658712673,14.6310044598,19732,0,0,-0.1209360525,1.12715609046,-0.298842584326,-0.630377459427
50,2015-02-20,1.30527054168,14.4100705375,18997,0,1,-0.299719846095,0.921709497747,-0.298842584326,1.58200497029
51,2015-02-21,0.267659685426,13.0926268412,12220,0,1,-1.36581951696,-0.972591942849,-0.298842584326,1.58200497029
52,2015-02-22,0.282434320748,14.1699959637,9910,0,0,-0.493992606915,-1.61828123424,-0.298842584326,-0.630377459427
53,2015-02-23,1.42383491349,13.5042152163,19190,0,0,-1.03275463351,0.975656698283,-0.298842584326,-0.630377459427
54,2015-02-24,1.07706283987,14.2021508581,20801,0,0,-0.467972274893,1.42596208722,-0.298842584326,-0.630377459427
55,2015-02-25,0.586592274354,15.2015913527,20492,0,0,0.340793356157,1.33959066252,-0.298842584326,-0.630377459427
56,2015-02-26,0.645684814426,15.098672408,20669,0,0,0.25750945305,1.38906555628,-0.298842584326,-0.630377459427
57,2015-02-27,0.510405353524,15.1740204925,17177,0,1,0.318482508967,0.412984601497,-0.298842584326,1.58200497029
58,2015-02-28,0.555382649034,12.609844355,13171,0,1,-1.75649598469,-0.7067692086,-0.298842584326,1.58200497029
59,2015-03-01,0.522461521266,14.0826802871,9055,0,0,-0.564650058377,-1.85727012781,-0.298842584326,-0.630377459427
60,2015-03-02,1.17981885558,13.827013549,19411,0,0,-0.771540285372,1.03743043568,-0.298842584326,-0.630377459427
61,2015-03-03,0.742567420332,14.8121800623,16050,0,0,0.0256745774643,0.0979664926654,-0.298842584326,-0.630377459427
62,2015-03-04,0.464572102459,14.949258045,19826,0,0,0.136600602345,1.1534308928,-0.298842584326,-0.630377459427
63,2015-03-05,1.13263173843,13.8514368731,14455,0,0,-0.75177648234,-0.347866589487,-0.298842584326,-0.630377459427
64,2015-03-06,0.480124670908,16.1807528792,15195,0,1,1.13314887325,-0.141022400902,-0.298842584326,1.58200497029
65,2015-03-07,0.59015775738,12.5779247537,13396,0,1,-1.78232591321,-0.643877394503,-0.298842584326,1.58200497029
66,2015-03-08,0.182546087006,14.1586046078,10721,0,0,-0.503210701627,-1.39159118432,-0.298842584326,-0.630377459427
67,2015-03-09,0.900161691802,14.1543171806,19068,0,0,-0.506680166548,0.941555359084,-0.298842584326,-0.630377459427
68,2015-03-10,0.465550051001,15.1286399427,16764,0,0,0.281759733391,0.297543182733,-0.298842584326,-0.630377459427
69,2015-03-11,0.492864600243,15.5292386728,19952,0,0,0.605931594032,1.18865030869,-0.298842584326,-0.630377459427
70,2015-03-12,0.457802020168,15.4474802991,19923,0,0,0.539771214272,1.18054425265,-0.298842584326,-0.630377459427
71,2015-03-13,0.608179656523,15.1654321614,17748,0,1,0.311532673435,0.572590049716,-0.298842584326,1.58200497029
72,2015-03-14,0.855465154569,12.3031552362,14056,0,1,-2.00467446061,-0.459394739819,-0.298842584326,1.58200497029
73,2015-03-15,0.489360860966,13.8644281651,11603,0,0,-0.741263689841,-1.14505527306,-0.298842584326,-0.630377459427
74,2015-03-16,0.724756858899,14.3964065666,19249,0,0,-0.310776982652,0.992148329535,-0.298842584326,-0.630377459427
75,2015-03-17,0.769896032405,15.1288871153,15662,0,0,0.281959749987,-0.0104869467548,-0.298842584326,-0.630377459427
76,2015-03-18,0.962662401455,14.8874843202,21684,0,0,0.0866121680611,1.67277751765,-0.298842584326,-0.630377459427
77,2015-03-19,0.836978093184,15.5369238727,21267,0,0,0.612150599106,1.55621802219,-0.298842584326,-0.630377459427
78,2015-03-20,1.18980652602,14.7499825498,19484,0,1,-0.0246567936746,1.05783533537,-0.298842584326,1.58200497029
79,2015-03-21,0.573531475993,12.7380775705,14258,0,1,-1.65272730813,-0.402931866719,-0.298842584326,1.58200497029
80,2015-03-22,0.540967833746,13.8553641103,11892,0,0,-0.748598489705,-1.06427423184,-0.298842584326,-0.630377459427
81,2015-03-23,1.33535108342,13.780592801,20614,0,0,-0.809104808484,1.37369200172,-0.298842584326,-0.630377459427
82,2015-03-24,1.12948547743,14.3927880387,21603,0,0,-0.313705161966,1.65013646457,-0.298842584326,-0.630377459427
83,2015-03-25,0.592017983279,15.1533050393,20499,0,0,0.301719183176,1.34154729674,-0.298842584326,-0.630377459427
84,2015-03-26,0.181161102734,15.4391937984,18705,0,0,0.533065625489,0.840089899008,-0.298842584326,-0.630377459427
85,2015-03-27,0.957295227244,15.1281358396,19258,0,1,0.281351803904,0.994664002099,-0.298842584326,1.58200497029
86,2015-03-28,0.728083670403,12.7655864034,15092,0,1,-1.63046665457,-0.1698128758,-0.298842584326,1.58200497029
87,2015-03-29,0.47143552898,13.8260766619,11192,0,0,-0.772298431657,-1.25993765348,-0.298842584326,-0.630377459427
88,2015-03-30,0.890130197379,14.2189752108,19565,0,0,-0.454357699233,1.08047638844,-0.298842584326,-0.630377459427
89,2015-03-31,0.170666447655,15.0383889398,18553,0,0,0.208726961814,0.797602984596,-0.298842584326,-0.630377459427
90,2015-04-01,0.436699068589,15.072778672,19880,0,0,0.236555765676,1.16852492818,-0.298842584326,-0.630377459427
91,2015-04-02,0.428299313032,15.7707704488,18314,0,0,0.801383549711,0.730797902066,-0.298842584326,-0.630377459427
92,2015-04-03,0.912430922831,13.7507610398,15965,0,1,-0.833245218373,0.0742073628955,-0.298842584326,1.58200497029
93,2015-04-04,0.817507034088,12.3755645502,14206,0,1,-1.9460795119,-0.417466863755,-0.298842584326,1.58200497029
94,2015-04-05,0.627963702573,13.6217533926,11127,0,0,-0.937640579279,-1.27810639977,-0.298842584326,-0.630377459427
95,2015-04-06,1.02771234136,13.9736720517,18570,0,0,-0.652861527498,0.80235481055,-0.298842584326,-0.630377459427
96,2015-04-07,1.11400834422,14.0953434299,20601,0,0,-0.554402810315,1.37005825246,-0.298842584326,-0.630377459427
97,2015-04-08,0.802798470382,14.8299538293,21009,0,0,0.0400574366395,1.48410207536,-0.298842584326,-0.630377459427
98,2015-04-09,0.92852888789,14.8941049068,21562,0,0,0.0919696684658,1.63867617845,-0.298842584326,-0.630377459427
99,2015-04-10,1.07787973522,14.820390527,19128,0,1,0.0323186364912,0.95832650951,-0.298842584326,1.58200497029
100,2015-04-11,0.0982041930317,13.1795276972,13106,0,1,-1.29549774592,-0.724937954894,-0.298842584326,1.58200497029
101,2015-04-12,0.222600402461,14.6305717597,10354,0,0,-0.12128620134,-1.49417472109,-0.298842584326,-0.630377459427
102,2015-04-13,1.04956500118,13.9744561989,19189,0,0,-0.652226981187,0.975377179109,-0.298842584326,-0.630377459427
103,2015-04-14,0.913770396011,14.4083777486,20601,0,0,-0.301089681928,1.37005825246,-0.298842584326,-0.630377459427
104,2015-04-15,0.272468596942,15.4676172794,19121,0,0,0.556066429096,0.956369875293,-0.298842584326,-0.630377459427
105,2015-04-16,0.494812266865,15.8237822002,18944,0,0,0.84428163394,0.906894981537,-0.298842584326,-0.630377459427
106,2015-04-17,0.595128524559,15.28437014,18004,0,1,0.407779473357,0.644146958199,-0.298842584326,1.58200497029
107,2015-04-18,0.466349507477,13.645842948,14301,0,1,-0.918146867971,-0.390912542247,-0.298842584326,1.58200497029
108,2015-04-19,0.448278393378,14.2308441505,12249,0,0,-0.444753134913,-0.96448588681,-0.298842584326,-0.630377459427
109,2015-04-20,1.23731477721,14.0078756723,21009,0,0,-0.625183328569,1.48410207536,-0.298842584326,-0.630377459427
110,2015-04-21,0.780301493962,14.8759230659,20979,0,0,0.0772565884234,1.47571650015,-0.298842584326,-0.630377459427
111,2015-04-22,0.469840336718,15.7662135872,19121,0,0,0.797696053424,0.956369875293,-0.298842584326,-0.630377459427
112,2015-04-23,0.38916894352,15.7218100746,18502,0,0,0.761763914334,0.783347506734,-0.298842584326,-0.630377459427
113,2015-04-24,0.2848210688,16.0030982591,16945,0,1,0.989387486988,0.348136153184,-0.298842584326,1.58200497029
114,2015-04-25,0.417118650818,13.6201789883,14135,0,1,-0.938914616215,-0.437312725092,-0.298842584326,1.58200497029
115,2015-04-26,0.302485943493,14.6350616855,11510,0,0,-0.117652870812,-1.17105055622,-0.298842584326,-0.630377459427
116,2015-04-27,0.881070347309,14.3673753268,20273,0,0,-0.334269595862,1.27837596347,-0.298842584326,-0.630377459427
117,2015-04-28,0.620562283708,14.7763035714,20160,0,0,-0.00335733883454,1.24679029683,-0.298842584326,-0.630377459427
118,2015-04-29,0.422471394643,15.7623677677,18528,0,0,0.794583945586,0.790615005251,-0.298842584326,-0.630377459427
119,2015-04-30,0.832007995516,16.2576818278,18864,0,0,1.1954011934,0.884533447636,-0.298842584326,-0.630377459427
120,2015-05-01,0.115299827877,15.6076030257,16525,0,1,0.669345469766,0.230738100203,-0.298842584326,1.58200497029
121,2015-05-02,0.511818915745,12.8217777934,14203,0,1,-1.58499554822,-0.418305421276,-0.298842584326,1.58200497029
122,2015-05-03,0.186402267931,14.2903773085,11317,0,0,-0.396577808514,-1.22499775676,-0.298842584326,-0.630377459427
123,2015-05-04,0.348543472608,14.8135927206,18518,0,0,0.0268177265358,0.787819813514,-0.298842584326,-0.630377459427
124,2015-05-05,0.417964205038,14.9621370783,19653,0,0,0.147022552991,1.10507407574,-0.298842584326,-0.630377459427
125,2015-05-06,0.727137926773,15.3481363203,20980,0,0,0.459380239344,1.47599601932,-0.298842584326,-0.630377459427
126,2015-05-07,0.945368712902,16.410507333,18410,0,0,1.31907040311,0.757631742747,-0.298842584326,-0.630377459427
127,2015-05-08,0.337781819476,16.145759633,16350,0,1,1.10483169478,0.181822244794,-0.298842584326,1.58200497029
128,2015-05-09,0.224298791825,13.4641805627,13613,0,1,-1.06515141153,-0.583221733796,-0.298842584326,1.58200497029
129,2015-05-10,0.296650112949,14.1747482511,11579,0,0,-0.490146968485,-1.15176373323,-0.298842584326,-0.630377459427
130,2015-05-11,0.374091521109,14.8878453469,19256,0,0,0.086904317482,0.994104963751,-0.298842584326,-0.630377459427
131,2015-05-12,0.242074376199,15.4366565206,19055,0,0,0.531012413583,0.937921609825,-0.298842584326,-0.630377459427
132,2015-05-13,0.997289290105,16.4579568806,17811,0,0,1.35746744978,0.590199757663,-0.298842584326,-0.630377459427
133,2015-05-14,1.94484822918,17.5541194301,16495,0,0,2.24450234672,0.22235252499,-0.298842584326,-0.630377459427
134,2015-05-15,1.01835801783,16.9862093483,16174,0,1,1.7849390629,0.132626870212,-0.298842584326,1.58200497029
135,2015-05-16,0.522413790125,13.9206251863,13420,0,1,-0.695788026682,-0.637168934333,-0.298842584326,1.58200497029
136,2015-05-17,0.504602920914,14.899785891,11723,0,0,0.096566825376,-1.11151297221,-0.298842584326,-0.630377459427
137,2015-05-18,0.190565469425,15.0295868316,18104,0,0,0.201604133997,0.672098875576,-0.298842584326,-0.630377459427
138,2015-05-19,0.338439394572,15.6046892269,19001,0,0,0.666987570154,0.922827574442,-0.298842584326,-0.630377459427
139,2015-05-20,0.910120302768,16.3599955642,18035,0,0,1.27819535073,0.652812052586,-0.298842584326,-0.630377459427
140,2015-05-21,1.28961794002,16.8359177456,18382,0,0,1.66332033365,0.749805205882,-0.298842584326,-0.630377459427
141,2015-05-22,0.512710849545,15.1928503392,15328,0,1,0.33371996728,-0.103846350792,-0.298842584326,1.58200497029
142,2015-05-23,0.384906068714,13.4014792544,11641,0,1,-1.11589046351,-1.13443354446,-0.298842584326,1.58200497029
143,2015-05-24,1.11503885313,13.3330626611,10086,1,0,-1.17125442916,-1.56908585966,3.33707552497,-0.630377459427
144,2015-05-25,1.14587762512,14.0416615902,9521,1,0,-0.597843142423,-1.72701419284,3.33707552497,-0.630377459427
145,2015-05-26,1.59579235638,14.3044964395,18677,1,0,-0.385152348019,0.832263362142,3.33707552497,-0.630377459427
146,2015-05-27,0.394860159932,15.6193005714,17500,0,0,0.678811338909,0.503269294623,-0.298842584326,-0.630377459427
147,2015-05-28,1.00202962365,16.4770515225,18128,0,0,1.37291918524,0.678807335746,-0.298842584326,-0.630377459427
148,2015-05-29,0.677804266453,16.5621910392,16070,0,1,1.44181564813,0.103556876141,-0.298842584326,1.58200497029
149,2015-05-30,1.21235135192,14.7881002992,12702,0,1,0.0061887902301,-0.837863701095,-0.298842584326,1.58200497029
150,2015-05-31,2.44970939713,17.2432869188,7828,0,0,1.99297096134,-2.20024015402,-0.298842584326,-0.630377459427
151,2015-06-01,0.786414199763,14.3487958357,17290,0,0,-0.349304461751,0.444570268132,-0.298842584326,-0.630377459427
152,2015-06-02,0.284278961222,14.9570443184,17803,0,0,0.142901397979,0.587963604273,-0.298842584326,-0.630377459427
153,2015-06-03,0.725535505357,16.1388250624,18418,0,0,1.09922011271,0.759867896137,-0.298842584326,-0.630377459427
154,2015-06-04,0.917956300896,16.3549101763,17757,0,0,1.2740801613,0.57510572228,-0.298842584326,-0.630377459427
155,2015-06-05,0.113438907938,15.7268569377,16713,0,1,0.765847928803,0.283287704871,-0.298842584326,1.58200497029
156,2015-06-06,0.206365002196,13.4703051964,12451,0,1,-1.06019524531,-0.90802301371,-0.298842584326,1.58200497029
157,2015-06-07,0.726479188203,15.2784317849,10936,0,0,0.402974047236,-1.33149456196,-0.298842584326,-0.630377459427
158,2015-06-08,0.626121670226,14.5224112811,19218,0,0,-0.208811650047,0.983483235148,-0.298842584326,-0.630377459427
159,2015-06-09,0.109212320625,15.3687530351,18533,0,0,0.476063664183,0.79201260112,-0.298842584326,-0.630377459427
160,2015-06-10,0.7059814044,16.1069704249,18732,0,0,1.07344275414,0.847636916699,-0.298842584326,-0.630377459427
161,2015-06-11,0.95481636286,16.3739535284,17430,0,0,1.28949039211,0.483702952459,-0.298842584326,-0.630377459427
162,2015-06-12,0.279603429302,15.9744756026,17010,0,1,0.966225506898,0.366304899478,-0.298842584326,1.58200497029
163,2015-06-13,0.265083270541,13.491382187,12227,0,1,-1.04313935685,-0.970635308633,-0.298842584326,1.58200497029
164,2015-06-14,0.892204416689,15.2181078886,8620,0,0,0.354158840808,-1.9788609684,-0.298842584326,-0.630377459427
165,2015-06-15,0.6079207297,14.5292265131,17712,0,0,-0.203296638952,0.56252735946,-0.298842584326,-0.630377459427
166,2015-06-16,0.209996379642,14.9992770088,18133,0,0,0.177076867838,0.680204931615,-0.298842584326,-0.630377459427
167,2015-06-17,0.649614404526,16.041471559,18178,0,0,1.02043986711,0.692783294434,-0.298842584326,-0.630377459427
168,2015-06-18,0.452021816276,15.7554398018,17758,0,0,0.788977708134,0.575385241454,-0.298842584326,-0.630377459427
169,2015-06-19,0.383864990821,15.431165909,17377,0,1,0.526569309656,0.46888843625,-0.298842584326,1.58200497029
170,2015-06-20,0.338175442274,13.607222587,12184,0,1,-0.949399174477,-0.982654633104,-0.298842584326,1.58200497029
171,2015-06-21,0.286700924292,14.1564704697,9922,0,0,-0.504937685443,-1.61492700416,-0.298842584326,-0.630377459427
172,2015-06-22,0.566228773601,14.5558568387,18790,0,0,-0.181746889625,0.863849028777,-0.298842584326,-0.630377459427
173,2015-06-23,0.252491489724,14.9428647257,18651,0,0,0.131427010823,0.824995863624,-0.298842584326,-0.630377459427
174,2015-06-24,0.337073796497,15.6028483111,17793,0,0,0.66549786727,0.585168412535,-0.298842584326,-0.630377459427
175,2015-06-25,0.928642079068,16.3486925492,17515,0,0,1.26904874315,0.507462082229,-0.298842584326,-0.630377459427
176,2015-06-26,0.151488290097,15.9112541093,16426,0,1,0.915065511722,0.203065702,-0.298842584326,1.58200497029
177,2015-06-27,0.354095369982,13.5939379871,12062,0,1,-0.960149317088,-1.0167559723,-0.298842584326,1.58200497029
178,2015-06-28,1.0823816818,15.6562107034,9511,0,0,0.708679696592,-1.72980938457,-0.298842584326,-0.630377459427
179,2015-06-29,0.515128310178,14.681411127,17525,0,0,-0.0801460502648,0.510257273967,-0.298842584326,-0.630377459427
180,2015-06-30,0.18143606406,15.287540116,17761,0,0,0.410344676255,0.576223798975,-0.298842584326,-0.630377459427
181,2015-07-01,0.263505758226,15.5303018322,17957,0,0,0.606791922124,0.631009557032,-0.298842584326,-0.630377459427
182,2015-07-02,1.01736764093,14.9058271753,15021,1,0,0.101455543752,-0.189658737137,3.33707552497,-0.630377459427
183,2015-07-03,2.29505398744,12.5371665335,10016,1,1,-1.8153082146,-1.58865220182,3.33707552497,1.58200497029
184,2015-07-04,2.70398483734,12.1796711343,8058,1,1,-2.10460006714,-2.13595074405,3.33707552497,1.58200497029
185,2015-07-05,0.910940343842,13.8080639858,7908,0,0,-0.786874620437,-2.17787862012,-0.298842584326,-0.630377459427
186,2015-07-06,1.46241416723,13.5050147261,15279,0,0,-1.03210765544,-0.117542790306,-0.298842584326,-0.630377459427
187,2015-07-07,0.794567990217,14.260392861,18378,0,0,-0.420841774896,0.748687129187,-0.298842584326,-0.630377459427
188,2015-07-08,0.64422388192,14.468509953,18939,0,0,-0.252429596145,0.905497385668,-0.298842584326,-0.630377459427
189,2015-07-09,0.13908070504,15.1135528865,18067,0,0,0.26955100997,0.661756666146,-0.298842584326,-0.630377459427
190,2015-07-10,0.725656069143,14.8323016842,16388,0,1,0.0419573639672,0.192443973397,-0.298842584326,1.58200497029
191,2015-07-11,0.557405173684,12.7529759877,11744,0,1,-1.64067123486,-1.10564306956,-0.298842584326,1.58200497029
192,2015-07-12,0.60351565196,13.6752575471,10037,0,0,-0.894344033407,-1.58278229917,-0.298842584326,-0.630377459427
193,2015-07-13,0.792085414626,14.2751879281,17959,0,0,-0.408869334528,0.63156859538,-0.298842584326,-0.630377459427
194,2015-07-14,0.429545703591,14.7114547332,18402,0,0,-0.0558342115163,0.755395589357,-0.298842584326,-0.630377459427
195,2015-07-15,0.0422019110648,15.2258139159,18540,0,0,0.360394699775,0.793969235337,-0.298842584326,-0.630377459427
196,2015-07-16,0.668043030033,16.0441780246,17829,0,0,1.02262998881,0.595231102791,-0.298842584326,-0.630377459427
197,2015-07-17,0.679500534094,15.5062651293,13963,0,1,0.587340980041,-0.485390022979,-0.298842584326,1.58200497029
198,2015-07-18,0.050021313439,13.231295612,12990,0,1,-1.25360619711,-0.757362179051,-0.298842584326,1.58200497029
199,2015-07-19,0.646369345356,13.6958017002,11881,0,0,-0.877719326834,-1.06734894275,-0.298842584326,-0.630377459427
200,2015-07-20,0.838071005201,14.2377146293,19126,0,0,-0.439193417134,0.957767471162,-0.298842584326,-0.630377459427
201,2015-07-21,0.408336511264,15.3390520545,16963,0,0,0.452029084344,0.353167498312,-0.298842584326,-0.630377459427
202,2015-07-22,0.766745863482,16.1222917146,17380,0,0,1.08584102355,0.469726993771,-0.298842584326,-0.630377459427
203,2015-07-23,0.62564810285,16.0154002824,18412,0,0,0.999342510556,0.758190781095,-0.298842584326,-0.630377459427
204,2015-07-24,0.100678267192,15.7621988711,16654,0,1,0.794447271382,0.266796073619,-0.298842584326,1.58200497029
205,2015-07-25,0.538472689558,13.6119564255,11291,0,1,-0.945568465315,-1.23226525528,-0.298842584326,1.58200497029
206,2015-07-26,0.397739271962,13.9037455559,10407,0,0,-0.70944733408,-1.47936020488,-0.298842584326,-0.630377459427
207,2015-07-27,0.621274880662,14.4745276554,18387,0,0,-0.247559960677,0.751202801751,-0.298842584326,-0.630377459427
208,2015-07-28,0.390767260085,14.8463192165,19197,0,0,0.0533006089993,0.977613332499,-0.298842584326,-0.630377459427
209,2015-07-29,0.18183626349,15.3191503577,19008,0,0,0.435924265297,0.924784208658,-0.298842584326,-0.630377459427
210,2015-07-30,0.648974554745,15.9013675764,17074,0,0,0.90706514745,0.384194126599,-0.298842584326,-0.630377459427
211,2015-07-31,0.493904707937,16.1392686667,15000,0,1,1.09957908541,-0.195528639786,-0.298842584326,1.58200497029
212,2015-08-01,0.485130576051,13.1669570226,11285,0,1,-1.30567016705,-1.23394237032,-0.298842584326,1.58200497029
213,2015-08-02,0.522569584405,14.9461377337,9787,0,0,0.134075589081,-1.65266209262,-0.298842584326,-0.630377459427
214,2015-08-03,0.730349462196,14.3493123161,18017,0,0,-0.348886516309,0.647780707458,-0.298842584326,-0.630377459427
215,2015-08-04,0.481198982233,14.6600592095,18747,0,0,-0.0974244146245,0.851829704306,-0.298842584326,-0.630377459427
216,2015-08-05,0.233343929301,15.290037461,19220,0,0,0.412365573757,0.984042273496,-0.298842584326,-0.630377459427
217,2015-08-06,0.575757577548,15.9536461681,18359,0,0,0.949369945387,0.743376264885,-0.298842584326,-0.630377459427
218,2015-08-07,0.291748850715,15.3867044316,15976,0,1,0.49059026443,0.0772820738069,-0.298842584326,1.58200497029
219,2015-08-08,0.680044372603,13.3573740053,10556,0,1,-1.15158124228,-1.43771184799,-0.298842584326,1.58200497029
220,2015-08-09,0.51861812846,14.4377920759,8859,0,0,-0.277287067331,-1.91205588587,-0.298842584326,-0.630377459427
221,2015-08-10,0.939432306224,14.2214848773,16796,0,0,-0.452326830927,0.306487796293,-0.298842584326,-0.630377459427
222,2015-08-11,0.596052111596,14.5285616149,18924,0,0,-0.20383468682,0.901304598062,-0.298842584326,-0.630377459427
223,2015-08-12,0.259952374404,15.2691740126,17470,0,0,0.39548248758,0.49488371941,-0.298842584326,-0.630377459427
224,2015-08-13,0.427492213039,15.7309788954,17816,0,0,0.769183492759,0.591597353532,-0.298842584326,-0.630377459427
225,2015-08-14,0.627920710488,15.1763928305,14729,0,1,0.320402248472,-0.271278335876,-0.298842584326,1.58200497029
226,2015-08-15,0.820991701155,13.4386064516,10075,0,1,-1.08584645261,-1.57216057057,-0.298842584326,1.58200497029
227,2015-08-16,0.654554920482,13.7606705729,9216,0,0,-0.825226241885,-1.81226754083,-0.298842584326,-0.630377459427
228,2015-08-17,0.863007741836,14.3253507729,16820,0,0,-0.36827663784,0.313196256463,-0.298842584326,-0.630377459427
229,2015-08-18,0.339958650655,14.8442590227,18786,0,0,0.0516334622282,0.862730952082,-0.298842584326,-0.630377459427
230,2015-08-19,0.142822557736,15.1338851064,18800,0,0,0.28600421629,0.866644220515,-0.298842584326,-0.630377459427
231,2015-08-20,0.144998594716,15.4074137004,18598,0,0,0.507348585611,0.810181347415,-0.298842584326,-0.630377459427
232,2015-08-21,0.6114192428,14.9876547642,15879,0,1,0.167671933727,0.0501687139518,-0.298842584326,1.58200497029
233,2015-08-22,0.684478689973,13.2942865281,10533,0,1,-1.20263278924,-1.44414078899,-0.298842584326,1.58200497029
234,2015-08-23,0.58978845367,14.6235972461,8715,0,0,-0.12693010601,-1.95230664689,-0.298842584326,-0.630377459427
235,2015-08-24,1.26678305945,13.9660918083,15772,0,0,-0.658995599904,0.0202601623591,-0.298842584326,-0.630377459427
236,2015-08-25,0.534359222835,14.5996335691,17957,0,0,-0.146321954245,0.631009557032,-0.298842584326,-0.630377459427
237,2015-08-26,0.282136417097,14.9754516256,17747,0,0,0.157796929577,0.572310530542,-0.298842584326,-0.630377459427
238,2015-08-27,0.382852464326,15.6280873665,17604,0,0,0.685921775104,0.532339288694,-0.298842584326,-0.630377459427
239,2015-08-28,0.747855819832,14.9515216367,14859,0,1,0.138432342405,-0.234940843287,-0.298842584326,1.58200497029
240,2015-08-29,0.755434999557,13.2021045472,10292,0,1,-1.27722814365,-1.51150490987,-0.298842584326,1.58200497029
241,2015-08-30,0.612139976409,13.8743190319,9090,0,0,-0.733259818523,-1.84748695673,-0.298842584326,-0.630377459427
242,2015-08-31,1.25621264826,13.904033749,16119,0,0,-0.709214122911,0.117253315655,-0.298842584326,-0.630377459427
243,2015-09-01,0.585976944311,14.5215340222,18194,0,0,-0.209521544072,0.697255601214,-0.298842584326,-0.630377459427
244,2015-09-02,0.265547395167,14.9142973047,18365,0,0,0.108309728228,0.745053379928,-0.298842584326,-0.630377459427
245,2015-09-03,0.276374692929,15.4902946323,17717,0,0,0.574417360124,0.563924955329,-0.298842584326,-0.630377459427
246,2015-09-04,1.02379145256,14.6880061867,14224,0,1,-0.074809206599,-0.412435518627,-0.298842584326,1.58200497029
247,2015-09-05,0.689017028756,13.033579086,10634,0,1,-1.41360204662,-1.41590935244,-0.298842584326,1.58200497029
248,2015-09-06,1.09414516499,14.0031628242,9716,1,0,-0.628997051952,-1.67250795395,3.33707552497,-0.630377459427
249,2015-09-07,1.484536873,14.9779,9200,1,0,0.159778199156,-1.81673984761,3.33707552497,-0.630377459427
250,2015-09-08,1.43282752172,14.5109019739,17883,1,0,-0.218125193083,0.610325138174,3.33707552497,-0.630377459427
251,2015-09-09,0.659071904468,15.6867815602,16421,0,0,0.733418196207,0.201668106132,-0.298842584326,-0.630377459427
252,2015-09-10,1.61348291886,16.8820842983,15113,0,0,1.70067915721,-0.163942973151,-0.298842584326,-0.630377459427
253,2015-09-11,0.868923812198,16.6569501526,14745,0,1,1.5184964656,-0.266806029096,-0.298842584326,1.58200497029
254,2015-09-12,0.977324092546,14.2267391304,10764,0,1,-0.448074992688,-1.37957185985,-0.298842584326,1.58200497029
255,2015-09-13,0.408259148634,14.739811828,9672,0,0,-0.0328871288458,-1.6848067976,-0.298842584326,-0.630377459427
256,2015-09-14,0.844176849003,14.6231504447,15966,0,0,-0.12729166595,0.0744868820693,-0.298842584326,-0.630377459427
257,2015-09-15,0.123319747087,15.2782218388,17968,0,0,0.402804154985,0.634084267944,-0.298842584326,-0.630377459427
258,2015-09-16,1.00279766292,16.2869447987,16467,0,0,1.21908132767,0.214525988125,-0.298842584326,-0.630377459427
259,2015-09-17,1.69262795285,17.0955186349,15589,0,0,1.87339414815,-0.0308918464396,-0.298842584326,-0.630377459427
260,2015-09-18,0.812491105665,16.7028249167,15604,0,1,1.55561916848,-0.0266990588331,-0.298842584326,1.58200497029
261,2015-09-19,0.44265132026,13.8323559015,12717,0,1,-0.76721715544,-0.833670913488,-0.298842584326,1.58200497029
262,2015-09-20,0.167737807009,14.3568802531,10113,0,0,-0.342762402494,-1.56153884197,-0.298842584326,-0.630377459427
263,2015-09-21,0.62052910278,14.8846114526,16433,0,0,0.0842873907013,0.205022336217,-0.298842584326,-0.630377459427
264,2015-09-22,0.325429346751,15.0146080174,17437,0,0,0.189483002035,0.485659586675,-0.298842584326,-0.630377459427
265,2015-09-23,1.03244573827,14.6730919091,15091,0,0,-0.0868781143863,-0.170092394974,-0.298842584326,-0.630377459427
266,2015-09-24,2.18092073647,16.7178280676,6805,0,0,1.56775999416,-2.48618826878,-0.298842584326,-0.630377459427
267,2015-09-25,0.939874741608,14.4046289664,12007,0,1,-0.304123265447,-1.03212952686,-0.298842584326,1.58200497029
268,2015-09-26,1.02864093728,13.891443246,9735,0,1,-0.719402589493,-1.66719708965,-0.298842584326,1.58200497029
269,2015-09-27,0.706304231373,14.8623318594,8594,0,0,0.0662583341537,-1.98612846692,-0.298842584326,-0.630377459427
270,2015-09-28,1.36536943765,16.0693033236,10952,0,0,1.04296184292,-1.32702225518,-0.298842584326,-0.630377459427
271,2015-09-29,1.24034825246,15.653530125,13195,0,0,0.706510523287,-0.700060748429,-0.298842584326,-0.630377459427
272,2015-09-30,1.10912821934,15.9856124278,15063,0,0,0.975237630705,-0.177918931839,-0.298842584326,-0.630377459427
273,2015-10-01,1.79419386204,16.9480113318,14296,0,0,1.75402852537,-0.392310138116,-0.298842584326,-0.630377459427
274,2015-10-02,0.558535448468,15.8608225289,14346,0,1,0.87425534926,-0.378334179428,-0.298842584326,1.58200497029
275,2015-10-03,0.184760742232,13.1210655934,12547,0,1,-1.34280635567,-0.881189173028,-0.298842584326,1.58200497029
276,2015-10-04,1.1410714139,15.5879410394,8582,0,0,0.653434628783,-1.989482697,-0.298842584326,-0.630377459427
277,2015-10-05,0.811034588306,14.3219144249,17248,0,0,-0.37105739387,0.432830462834,-0.298842584326,-0.630377459427
278,2015-10-06,0.107393865436,15.188503307,18748,0,0,0.330202268844,0.852109223479,-0.298842584326,-0.630377459427
279,2015-10-07,0.934047546324,16.3333063677,17306,0,0,1.25659796207,0.449042574912,-0.298842584326,-0.630377459427
280,2015-10-08,1.19794538156,16.6613181183,17176,0,0,1.52203110379,0.412705082323,-0.298842584326,-0.630377459427
281,2015-10-09,0.840227398869,16.678297111,15092,0,1,1.53577081702,-0.1698128758,-0.298842584326,1.58200497029
282,2015-10-10,0.358768791691,13.6929336584,13536,0,1,-0.880040199013,-0.604744710176,-0.298842584326,1.58200497029
283,2015-10-11,2.1472853281,16.2585188183,9884,1,0,1.19607850149,-1.62554873276,3.33707552497,-0.630377459427
284,2015-10-12,0.861175746112,14.8562573667,13405,1,0,0.0613427428629,-0.641361721939,3.33707552497,-0.630377459427
285,2015-10-13,1.80481045056,15.3123645184,18139,1,0,0.430433039321,0.681882046657,3.33707552497,-0.630377459427
286,2015-10-14,0.754157968152,16.165951325,18038,0,0,1.1211711833,0.653650610107,-0.298842584326,-0.630377459427
287,2015-10-15,1.2473377334,16.7444182571,17396,0,0,1.58927726455,0.474199300551,-0.298842584326,-0.630377459427
288,2015-10-16,0.536155846884,16.3813572974,16636,0,1,1.29548165819,0.261764728491,-0.298842584326,1.58200497029
289,2015-10-17,0.548750179874,13.8089183502,14256,0,1,-0.786183253108,-0.403490905066,-0.298842584326,1.58200497029
290,2015-10-18,0.757993083204,15.2795644993,11504,0,0,0.403890660542,-1.17272767126,-0.298842584326,-0.630377459427
291,2015-10-19,0.594900080007,14.5098439182,18580,0,0,-0.218981391257,0.805150002287,-0.298842584326,-0.630377459427
292,2015-10-20,0.35009073616,15.6746604838,18438,0,0,0.723609598228,0.765458279613,-0.298842584326,-0.630377459427
293,2015-10-21,1.28893001526,16.8171570565,17707,0,0,1.64813883897,0.561129763592,-0.298842584326,-0.630377459427
294,2015-10-22,1.16307713698,16.6292927308,17306,0,0,1.49611557121,0.449042574912,-0.298842584326,-0.630377459427
295,2015-10-23,0.569417357751,16.4320623693,16258,0,1,1.33651313497,0.156106480808,-0.298842584326,1.58200497029
296,2015-10-24,1.14904513869,15.0338932558,12722,0,1,0.205088971619,-0.83227331762,-0.298842584326,1.58200497029
297,2015-10-25,0.765648566113,15.2319372694,11924,0,0,0.365349830068,-1.05532961828,-0.298842584326,-0.630377459427
298,2015-10-26,0.414539526422,14.7586112352,17908,0,0,-0.0176743027258,0.617313117518,-0.298842584326,-0.630377459427
299,2015-10-27,0.24964179104,15.5484272981,18287,0,0,0.621459382536,0.723250884374,-0.298842584326,-0.630377459427
300,2015-10-28,0.875710719198,16.1618184533,16745,0,0,1.11782678749,0.292232318431,-0.298842584326,-0.630377459427
301,2015-10-29,1.56502767676,17.104825034,16889,0,0,1.88092505749,0.332483079453,-0.298842584326,-0.630377459427
302,2015-10-30,0.963248028293,16.8522676335,15170,0,1,1.67655096364,-0.148010380247,-0.298842584326,1.58200497029
303,2015-10-31,0.372142808402,13.4684094971,11751,0,1,-1.06172928006,-1.10368643534,-0.298842584326,1.58200497029
304,2015-11-01,0.41793701273,14.5942496253,9342,0,0,-0.15067874054,-1.77704812494,-0.298842584326,-0.630377459427
305,2015-11-02,0.802959521631,16.1603651702,17307,0,0,1.11665076407,0.449322094086,-0.298842584326,-0.630377459427
306,2015-11-03,0.458347544703,15.8074052606,18287,0,0,0.831029113192,0.723250884374,-0.298842584326,-0.630377459427
307,2015-11-04,0.900697019002,16.3536752277,18222,0,0,1.27308081824,0.70508213808,-0.298842584326,-0.630377459427
308,2015-11-05,1.50659342765,17.0914669968,17771,0,0,1.87011548804,0.579018990712,-0.298842584326,-0.630377459427
309,2015-11-06,0.803007549225,16.705303598,16815,0,1,1.55762496297,0.311798660595,-0.298842584326,1.58200497029
310,2015-11-07,0.520039273206,13.8984359841,13606,0,1,-0.713743937202,-0.585178368013,-0.298842584326,1.58200497029
311,2015-11-08,0.815064031336,15.3025711886,11905,0,0,0.422508096665,-1.06064048258,-0.298842584326,-0.630377459427
312,2015-11-09,0.280719278112,14.9012200077,18213,0,0,0.0977273389889,0.702566465516,-0.298842584326,-0.630377459427
313,2015-11-10,2.36890674606,16.4504057554,17375,1,0,1.35135694039,0.468329397902,3.33707552497,-0.630377459427
314,2015-11-11,3.10610473812,17.7134199046,14670,1,0,2.37341122067,-0.287769967128,3.33707552497,-0.630377459427
315,2015-11-12,2.67473057408,16.6306288566,18637,1,0,1.49719678873,0.821082595192,3.33707552497,-0.630377459427
316,2015-11-13,0.475289897141,16.3147669814,16415,0,1,1.24159554967,0.199990991089,-0.298842584326,1.58200497029
317,2015-11-14,0.666661122107,14.0641914478,13821,0,1,-0.579611567239,-0.525081745654,-0.298842584326,1.58200497029
318,2015-11-15,0.881976025723,15.4736681099,10624,0,0,0.560962872439,-1.41870454418,-0.298842584326,-0.630377459427
319,2015-11-16,0.390531351011,15.3502512474,17035,0,0,0.461091677275,0.373292878822,-0.298842584326,-0.630377459427
320,2015-11-17,0.580002086418,15.9589598302,18372,0,0,0.953669858481,0.747010014144,-0.298842584326,-0.630377459427
321,2015-11-18,0.877421048959,16.3215285991,18095,0,0,1.24706717503,0.669583203012,-0.298842584326,-0.630377459427
322,2015-11-19,1.82127176564,17.1803268364,15084,0,0,1.94202250465,-0.17204902919,-0.298842584326,-0.630377459427
323,2015-11-20,1.08422096848,17.0566168556,15793,0,1,1.84191411276,0.0261300650082,-0.298842584326,1.58200497029
324,2015-11-21,0.883369355997,14.378295429,13323,0,1,-0.325432848332,-0.664282294188,-0.298842584326,1.58200497029
325,2015-11-22,0.279560336077,14.7043923126,11083,0,0,-0.0615492521889,-1.29040524342,-0.298842584326,-0.630377459427
326,2015-11-23,0.681230752037,14.4443274688,17620,0,0,-0.271998507168,0.536811595474,-0.298842584326,-0.630377459427
327,2015-11-24,0.473431901966,15.6298552078,17128,0,0,0.687352344832,0.399288161982,-0.298842584326,-0.630377459427
328,2015-11-25,0.697056890845,14.4667732137,14485,1,0,-0.253834997561,-0.339481014275,3.33707552497,-0.630377459427
329,2015-11-26,2.08669994826,12.2086790802,8002,1,0,-2.08112630373,-2.15160381778,3.33707552497,-0.630377459427
330,2015-11-27,2.06910737265,12.7763664658,15101,1,1,-1.62174322979,-0.167297203236,3.33707552497,1.58200497029
331,2015-11-28,0.472498563805,12.8871726421,14197,0,1,-1.53207683385,-0.419982536318,-0.298842584326,1.58200497029
332,2015-11-29,0.525852092976,13.7371043926,10882,0,0,-0.844296428474,-1.34658859734,-0.298842584326,-0.630377459427
333,2015-11-30,0.590408340307,14.565022997,17611,0,0,-0.174329465778,0.53429592291,-0.298842584326,-0.630377459427
334,2015-12-01,0.684456506335,15.7133600196,16363,0,0,0.754925974381,0.185455994053,-0.298842584326,-0.630377459427
335,2015-12-02,1.10992939594,16.2896867302,15833,0,0,1.22130014912,0.0373108319587,-0.298842584326,-0.630377459427
336,2015-12-03,1.50537057768,17.0993651145,18082,0,0,1.87650679015,0.665949453753,-0.298842584326,-0.630377459427
337,2015-12-04,1.10562157058,17.0865693125,16743,0,1,1.86615219187,0.291673280084,-0.298842584326,1.58200497029
338,2015-12-05,0.807158288504,14.1680512249,14368,0,1,-0.495566325266,-0.372184757605,-0.298842584326,1.58200497029
339,2015-12-06,0.959531666871,15.3495583025,12701,0,0,0.460530933488,-0.838143220269,-0.298842584326,-0.630377459427
340,2015-12-07,0.238451115385,15.0811532625,19111,0,0,0.243332638332,0.953574683556,-0.298842584326,-0.630377459427
341,2015-12-08,0.881740185281,16.19132902,16847,0,0,1.14170728088,0.320743274155,-0.298842584326,-0.630377459427
342,2015-12-09,1.73350529328,17.2507543103,16240,0,0,1.99901371196,0.15107513568,-0.298842584326,-0.630377459427
343,2015-12-10,2.19775547896,17.7379071592,15295,0,0,2.39322675752,-0.113070483526,-0.298842584326,-0.630377459427
344,2015-12-11,1.37477252087,17.3236471876,14614,0,1,2.05799996899,-0.303423040859,-0.298842584326,1.58200497029
345,2015-12-12,1.20727591552,14.7713524194,12400,0,1,-0.00736390215807,-0.922278491571,-0.298842584326,1.58200497029
346,2015-12-13,1.00902616829,15.6269393691,11001,0,0,0.684992794527,-1.31332581567,-0.298842584326,-0.630377459427
347,2015-12-14,0.500210788431,14.9486250149,16822,0,0,0.136088342721,0.313755294811,-0.298842584326,-0.630377459427
348,2015-12-15,0.559270642269,15.9051898379,17831,0,0,0.910158191751,0.595790141138,-0.298842584326,-0.630377459427
349,2015-12-16,1.04601285461,16.3684794686,16560,0,0,1.28506068224,0.240521271285,-0.298842584326,-0.630377459427
350,2015-12-17,1.4640430294,16.7955209726,15711,0,0,1.63063052187,0.00320949275957,-0.298842584326,-0.630377459427
351,2015-12-18,0.388124872943,16.0350383883,15239,0,1,1.01523402707,-0.128723557257,-0.298842584326,1.58200497029
352,2015-12-19,0.351721163888,13.6214616833,13806,0,1,-0.937876635829,-0.52927453326,-0.298842584326,1.58200497029
353,2015-12-20,0.353027554833,14.2124981043,11869,0,0,-0.459599092969,-1.07070317284,-0.298842584326,-0.630377459427
354,2015-12-21,0.706832537102,14.4901227281,17111,0,0,-0.234940141038,0.394536336029,-0.298842584326,-0.630377459427
355,2015-12-22,0.618660967417,14.7416258072,16724,0,0,-0.0314192234614,0.286362415782,-0.298842584326,-0.630377459427
356,2015-12-23,1.0096207895,14.183796679,14273,0,0,-0.4828248142,-0.398739079112,-0.298842584326,-0.630377459427
357,2015-12-24,1.2284031718,12.5327803937,12955,1,0,-1.81885755966,-0.767145350133,3.33707552497,-0.630377459427
358,2015-12-25,2.7596419112,12.9367116331,6301,1,1,-1.49198897118,-2.62706593236,3.33707552497,1.58200497029
359,2015-12-26,2.02583629918,13.2124042777,10473,1,1,-1.26889341233,-1.46091193941,3.33707552497,1.58200497029
360,2015-12-27,0.390197613476,14.2639279607,9356,0,0,-0.417981107244,-1.77313485651,-0.298842584326,-0.630377459427
361,2015-12-28,1.24497875608,13.5622193049,14473,0,0,-0.985816658094,-0.34283524436,-0.298842584326,-0.630377459427
362,2015-12-29,1.51075094571,13.250419944,15002,0,0,-1.2381304359,-0.194969601439,-0.298842584326,-0.630377459427
363,2015-12-30,0.641776222166,15.0598337531,11910,0,0,0.226080499219,-1.05924288672,-0.298842584326,-0.630377459427
364,2015-12-31,1.04748042043,12.8839097744,11837,1,0,-1.53471720638,-1.0796477864,3.33707552497,-0.630377459427
